carry_big_objects_tables_chairs_etc__in_the_direction_of_the_arrow,carry_big_objects_tables_chairs_etc_within_the_circle,carry_cold_food_in_the_direction_of_the_arrow,carry_cold_food_within_the_circle,carry_drinks_in_the_direction_of_the_arrow,carry_drinks_within_the_circle,carry_small_objects_plates_toys_etc__in_the_direction_of_the_arrow,carry_small_objects_plates_toys_etc_within_the_circle,carry_warm_food_in_the_direction_of_the_arrow,carry_warm_food_within_the_circle,cleaning_picking_up_stuff_within_the_circle,mopping_the_floor_in_the_direction_of_the_arrow,mopping_the_floor_within_the_circle,starting_conversation_in_the_direction_of_the_arrow,vacuum_cleaning_in_the_direction_of_the_arrow,vacuum_cleaning_within_the_circle
3.27,0.0,3.73,0.0,3.47,0.0,3.4,0.0,3.73,0.0,0.0,3.13,0.0,3.47,3.07,0.0
3.22,0.0,3.11,0.0,3.06,0.0,3.11,0.0,3.17,0.0,0.0,3.0,0.0,3.06,3.0,0.0
3.53,0.0,3.73,0.0,3.4,0.0,3.53,0.0,3.6,0.0,0.0,3.8,0.0,3.6,3.6,0.0
3.58,0.0,3.47,0.0,3.53,0.0,3.58,0.0,3.37,0.0,0.0,3.26,0.0,3.63,3.32,0.0
0.0,3.47,0.0,3.4,0.0,3.53,0.0,3.47,0.0,3.4,3.53,0.0,3.4,0.0,0.0,3.6
0.0,3.5,0.0,3.4,0.0,3.4,0.0,3.45,0.0,3.6,3.55,0.0,3.75,0.0,0.0,3.75
0.0,3.73,0.0,3.13,0.0,3.33,0.0,3.53,0.0,3.2,3.53,0.0,3.73,0.0,0.0,3.8
3.14,0.0,2.86,0.0,2.95,0.0,2.91,0.0,2.91,0.0,0.0,2.77,0.0,3.0,2.82,0.0
4.33,0.0,4.27,0.0,4.33,0.0,4.4,0.0,4.0,0.0,0.0,4.33,0.0,4.33,4.33,0.0
3.4,0.0,3.4,0.0,3.47,0.0,3.6,0.0,3.4,0.0,0.0,3.47,0.0,3.33,3.47,0.0
0.0,2.93,0.0,3.33,0.0,3.47,0.0,3.27,0.0,3.33,3.47,0.0,2.93,0.0,0.0,3.07
3.58,0.0,3.84,0.0,3.89,0.0,3.89,0.0,3.74,0.0,0.0,3.74,0.0,3.58,3.74,0.0
0.0,3.87,0.0,3.73,0.0,3.93,0.0,4.0,0.0,3.87,3.73,0.0,4.0,0.0,0.0,3.73
0.0,3.69,0.0,3.69,0.0,3.73,0.0,3.81,0.0,3.65,3.77,0.0,3.65,0.0,0.0,3.81
3.21,0.0,3.42,0.0,3.16,0.0,3.26,0.0,3.37,0.0,0.0,3.21,0.0,3.21,3.32,0.0
3.0,0.0,3.33,0.0,3.07,0.0,3.2,0.0,3.27,0.0,0.0,3.2,0.0,3.27,3.2,0.0
3.27,0.0,3.27,0.0,3.33,0.0,3.4,0.0,3.53,0.0,0.0,3.13,0.0,3.2,3.07,0.0
3.69,0.0,3.79,0.0,3.83,0.0,3.69,0.0,3.69,0.0,0.0,3.72,0.0,3.69,3.62,0.0
0.0,3.4,0.0,3.47,0.0,3.33,0.0,3.4,0.0,3.07,3.67,0.0,3.27,0.0,0.0,3.07
0.0,3.55,0.0,3.36,0.0,3.45,0.0,3.45,0.0,3.36,3.41,0.0,3.5,0.0,0.0,3.5
3.07,0.0,3.73,0.0,3.8,0.0,3.47,0.0,3.8,0.0,0.0,3.67,0.0,3.87,3.4,0.0
0.0,3.27,0.0,3.47,0.0,3.27,0.0,3.33,0.0,3.33,3.4,0.0,3.53,0.0,0.0,3.27
3.67,0.0,3.87,0.0,3.73,0.0,3.73,0.0,3.8,0.0,0.0,3.4,0.0,4.07,3.8,0.0
0.0,2.94,0.0,3.25,0.0,3.0,0.0,3.19,0.0,3.25,3.25,0.0,3.06,0.0,0.0,3.0
0.0,3.23,0.0,3.64,0.0,3.45,0.0,3.41,0.0,3.73,3.73,0.0,3.36,0.0,0.0,3.32
2.4,0.0,3.07,0.0,3.07,0.0,2.87,0.0,2.53,0.0,0.0,2.53,0.0,3.6,2.6,0.0
3.27,0.0,3.47,0.0,3.27,0.0,3.27,0.0,3.2,0.0,0.0,3.47,0.0,3.27,3.33,0.0
0.0,3.27,0.0,3.8,0.0,3.33,0.0,3.67,0.0,3.67,3.6,0.0,3.47,0.0,0.0,3.53
0.0,3.22,0.0,3.3,0.0,3.26,0.0,3.26,0.0,3.13,3.26,0.0,3.43,0.0,0.0,3.52
3.21,0.0,3.37,0.0,3.26,0.0,3.21,0.0,3.11,0.0,0.0,3.16,0.0,3.58,3.11,0.0
3.14,0.0,3.24,0.0,3.17,0.0,3.21,0.0,3.21,0.0,0.0,3.17,0.0,3.41,3.21,0.0
3.54,0.0,3.54,0.0,3.62,0.0,3.58,0.0,3.42,0.0,0.0,3.5,0.0,3.73,3.42,0.0
3.2,0.0,3.07,0.0,3.4,0.0,3.53,0.0,3.07,0.0,0.0,3.2,0.0,3.47,3.47,0.0
3.6,0.0,3.6,0.0,3.6,0.0,3.53,0.0,3.67,0.0,0.0,3.73,0.0,3.47,3.67,0.0
3.42,0.0,3.21,0.0,3.47,0.0,3.58,0.0,3.42,0.0,0.0,3.47,0.0,3.58,3.16,0.0
0.0,3.73,0.0,3.86,0.0,3.77,0.0,3.73,0.0,3.77,3.86,0.0,3.73,0.0,0.0,3.82
0.0,2.73,0.0,3.33,0.0,3.07,0.0,3.0,0.0,3.27,3.27,0.0,3.33,0.0,0.0,3.4
0.0,3.27,0.0,3.4,0.0,3.2,0.0,3.33,0.0,3.4,3.4,0.0,3.0,0.0,0.0,3.2
0.0,3.53,0.0,3.73,0.0,3.4,0.0,3.33,0.0,3.53,3.73,0.0,3.4,0.0,0.0,3.67
3.13,0.0,3.07,0.0,3.0,0.0,3.13,0.0,3.07,0.0,0.0,2.93,0.0,3.33,2.8,0.0
3.47,0.0,3.47,0.0,3.53,0.0,3.6,0.0,3.53,0.0,0.0,3.47,0.0,3.53,3.47,0.0
3.8,0.0,3.67,0.0,3.47,0.0,4.0,0.0,3.73,0.0,0.0,3.67,0.0,3.87,3.93,0.0
4.0,0.0,4.21,0.0,3.95,0.0,3.89,0.0,3.79,0.0,0.0,3.84,0.0,4.0,3.68,0.0
3.2,0.0,3.4,0.0,3.4,0.0,3.53,0.0,3.8,0.0,0.0,3.73,0.0,3.33,3.73,0.0
3.4,0.0,3.27,0.0,3.27,0.0,3.33,0.0,3.33,0.0,0.0,3.6,0.0,3.8,3.67,0.0
0.0,3.07,0.0,3.53,0.0,3.47,0.0,3.6,0.0,3.47,3.8,0.0,3.6,0.0,0.0,3.6
0.0,3.48,0.0,3.76,0.0,3.48,0.0,3.76,0.0,3.72,3.66,0.0,3.38,0.0,0.0,3.38
3.5,0.0,3.72,0.0,3.56,0.0,3.44,0.0,3.61,0.0,0.0,3.83,0.0,3.39,3.56,0.0
0.0,4.47,0.0,4.4,0.0,4.33,0.0,4.47,0.0,4.2,4.27,0.0,4.33,0.0,0.0,4.27
3.68,0.0,3.79,0.0,3.79,0.0,3.79,0.0,3.68,0.0,0.0,3.68,0.0,3.63,3.58,0.0
0.0,3.5,0.0,3.56,0.0,3.61,0.0,3.44,0.0,3.61,3.56,0.0,3.61,0.0,0.0,3.61
3.53,0.0,3.73,0.0,3.47,0.0,3.53,0.0,3.47,0.0,0.0,3.4,0.0,3.73,3.47,0.0
4.07,0.0,3.8,0.0,3.93,0.0,3.93,0.0,3.67,0.0,0.0,3.8,0.0,4.07,3.8,0.0
0.0,3.26,0.0,3.63,0.0,3.26,0.0,3.68,0.0,3.47,3.47,0.0,3.37,0.0,0.0,3.26
2.87,0.0,3.2,0.0,3.2,0.0,3.07,0.0,3.0,0.0,0.0,2.93,0.0,3.0,2.8,0.0
4.11,0.0,3.84,0.0,4.16,0.0,4.16,0.0,4.16,0.0,0.0,4.0,0.0,4.11,4.0,0.0
0.0,3.33,0.0,3.27,0.0,3.2,0.0,3.67,0.0,3.4,3.73,0.0,3.53,0.0,0.0,3.53
3.56,0.0,3.59,0.0,3.52,0.0,3.52,0.0,3.7,0.0,0.0,3.56,0.0,3.56,3.56,0.0
3.44,0.0,3.44,0.0,3.25,0.0,3.38,0.0,3.5,0.0,0.0,3.63,0.0,3.25,3.56,0.0
0.0,3.83,0.0,3.94,0.0,3.61,0.0,4.0,0.0,3.78,3.83,0.0,3.83,0.0,0.0,4.06
3.53,0.0,3.4,0.0,3.6,0.0,3.87,0.0,3.33,0.0,0.0,3.47,0.0,3.67,3.53,0.0
3.39,0.0,3.67,0.0,3.56,0.0,3.5,0.0,3.56,0.0,0.0,3.5,0.0,3.39,3.39,0.0
3.53,0.0,3.47,0.0,4.07,0.0,4.13,0.0,3.67,0.0,0.0,3.2,0.0,4.27,3.4,0.0
0.0,3.27,0.0,3.53,0.0,3.6,0.0,3.8,0.0,3.6,3.6,0.0,3.73,0.0,0.0,3.47
0.0,4.16,0.0,4.11,0.0,4.11,0.0,4.26,0.0,4.11,4.16,0.0,4.21,0.0,0.0,4.26
0.0,3.87,0.0,3.87,0.0,4.0,0.0,3.93,0.0,3.93,4.2,0.0,3.6,0.0,0.0,3.53
0.0,3.73,0.0,3.73,0.0,3.73,0.0,3.81,0.0,3.81,3.81,0.0,3.77,0.0,0.0,3.73
3.2,0.0,3.4,0.0,3.13,0.0,3.4,0.0,3.27,0.0,0.0,3.47,0.0,2.93,3.53,0.0
0.0,3.83,0.0,3.83,0.0,3.83,0.0,3.78,0.0,3.56,3.89,0.0,3.72,0.0,0.0,3.56
0.0,2.87,0.0,3.73,0.0,3.73,0.0,3.73,0.0,3.6,3.73,0.0,3.4,0.0,0.0,3.33
3.19,0.0,3.33,0.0,3.22,0.0,3.19,0.0,3.33,0.0,0.0,3.33,0.0,3.37,3.22,0.0
0.0,3.73,0.0,3.8,0.0,3.67,0.0,3.53,0.0,3.47,3.8,0.0,3.4,0.0,0.0,3.33
0.0,3.2,0.0,3.0,0.0,3.0,0.0,3.27,0.0,2.93,3.53,0.0,3.2,0.0,0.0,2.67
2.73,0.0,3.0,0.0,3.07,0.0,3.0,0.0,3.33,0.0,0.0,2.6,0.0,3.4,2.67,0.0
0.0,3.39,0.0,3.52,0.0,3.43,0.0,3.35,0.0,3.22,3.26,0.0,3.13,0.0,0.0,3.13
3.8,0.0,3.93,0.0,3.8,0.0,3.67,0.0,3.73,0.0,0.0,3.87,0.0,4.07,3.87,0.0
3.5,0.0,3.7,0.0,3.75,0.0,3.6,0.0,3.75,0.0,0.0,3.55,0.0,3.6,3.65,0.0
0.0,3.5,0.0,3.81,0.0,3.25,0.0,3.75,0.0,3.75,3.94,0.0,3.5,0.0,0.0,3.5
0.0,3.53,0.0,3.6,0.0,3.6,0.0,3.47,0.0,3.67,3.73,0.0,3.4,0.0,0.0,3.53
0.0,3.33,0.0,4.07,0.0,4.0,0.0,3.8,0.0,4.0,3.67,0.0,3.4,0.0,0.0,3.33
0.0,3.67,0.0,3.33,0.0,3.6,0.0,3.53,0.0,3.2,3.4,0.0,3.67,0.0,0.0,3.47
3.13,0.0,3.27,0.0,3.07,0.0,3.27,0.0,3.07,0.0,0.0,3.07,0.0,2.67,2.93,0.0
0.0,3.4,0.0,3.07,0.0,3.13,0.0,3.07,0.0,3.13,3.33,0.0,3.4,0.0,0.0,3.47
0.0,2.53,0.0,2.93,0.0,2.93,0.0,2.8,0.0,2.87,2.53,0.0,2.67,0.0,0.0,2.53
0.0,3.0,0.0,2.93,0.0,2.87,0.0,2.93,0.0,2.8,3.0,0.0,2.67,0.0,0.0,2.73
0.0,2.73,0.0,3.27,0.0,3.2,0.0,3.27,0.0,3.13,3.13,0.0,2.6,0.0,0.0,2.67
2.47,0.0,2.53,0.0,2.53,0.0,2.47,0.0,2.53,0.0,0.0,2.2,0.0,2.87,2.13,0.0
0.0,2.47,0.0,2.67,0.0,2.6,0.0,2.67,0.0,2.33,2.53,0.0,2.4,0.0,0.0,2.27
0.0,2.47,0.0,3.27,0.0,3.27,0.0,2.93,0.0,3.07,2.67,0.0,2.27,0.0,0.0,2.27
0.0,2.8,0.0,3.4,0.0,3.4,0.0,3.47,0.0,3.33,3.0,0.0,2.67,0.0,0.0,2.6
2.67,0.0,3.2,0.0,3.4,0.0,3.27,0.0,2.93,0.0,0.0,2.67,0.0,3.27,2.87,0.0
0.0,2.47,0.0,2.8,0.0,3.07,0.0,3.33,0.0,2.67,2.93,0.0,2.33,0.0,0.0,2.33
2.27,0.0,2.33,0.0,2.33,0.0,2.33,0.0,2.2,0.0,0.0,3.0,0.0,2.27,3.0,0.0
0.0,2.6,0.0,2.6,0.0,2.67,0.0,2.53,0.0,2.53,2.8,0.0,2.67,0.0,0.0,2.87
0.0,2.67,0.0,3.13,0.0,3.13,0.0,2.73,0.0,2.93,2.67,0.0,2.33,0.0,0.0,2.33
0.0,2.67,0.0,2.8,0.0,2.8,0.0,2.87,0.0,2.8,3.13,0.0,2.53,0.0,0.0,2.6
0.0,3.0,0.0,3.2,0.0,3.53,0.0,3.67,0.0,3.13,3.4,0.0,3.2,0.0,0.0,3.0
3.8,0.0,3.27,0.0,3.53,0.0,3.73,0.0,3.27,0.0,0.0,3.73,0.0,2.6,3.93,0.0
2.93,0.0,2.67,0.0,3.0,0.0,2.67,0.0,2.73,0.0,0.0,2.93,0.0,2.67,3.0,0.0
0.0,3.27,0.0,2.87,0.0,3.0,0.0,2.93,0.0,2.93,3.2,0.0,3.33,0.0,0.0,3.47
0.0,2.93,0.0,3.13,0.0,3.27,0.0,3.13,0.0,3.07,3.2,0.0,2.87,0.0,0.0,2.93
0.0,3.13,0.0,3.13,0.0,3.07,0.0,3.2,0.0,3.07,3.33,0.0,3.13,0.0,0.0,2.93
3.4,0.0,3.27,0.0,3.33,0.0,3.47,0.0,3.27,0.0,0.0,3.8,0.0,2.73,3.73,0.0
0.0,3.07,0.0,3.33,0.0,3.27,0.0,3.27,0.0,3.33,3.33,0.0,2.8,0.0,0.0,2.8
0.0,3.0,0.0,2.87,0.0,2.87,0.0,2.93,0.0,2.87,3.13,0.0,3.53,0.0,0.0,3.47
0.0,3.0,0.0,2.67,0.0,2.67,0.0,2.73,0.0,2.6,3.07,0.0,3.4,0.0,0.0,3.4
0.0,2.8,0.0,3.33,0.0,3.33,0.0,3.33,0.0,3.27,2.87,0.0,2.27,0.0,0.0,2.27
0.0,2.67,0.0,3.13,0.0,3.13,0.0,3.2,0.0,3.07,2.87,0.0,2.53,0.0,0.0,2.4
0.0,2.8,0.0,3.47,0.0,3.4,0.0,3.2,0.0,3.2,3.13,0.0,2.93,0.0,0.0,2.8
2.33,0.0,3.07,0.0,3.33,0.0,3.0,0.0,2.67,0.0,0.0,2.13,0.0,3.73,2.07,0.0
0.0,2.73,0.0,3.0,0.0,2.93,0.0,2.8,0.0,3.0,2.8,0.0,2.8,0.0,0.0,2.8
3.0,0.0,3.13,0.0,3.27,0.0,2.87,0.0,2.87,0.0,0.0,3.07,0.0,3.13,2.8,0.0
2.4,0.0,2.53,0.0,2.6,0.0,2.53,0.0,2.53,0.0,0.0,2.4,0.0,3.4,2.33,0.0
0.0,2.93,0.0,3.2,0.0,3.13,0.0,3.07,0.0,3.07,3.0,0.0,3.27,0.0,0.0,3.13
2.93,0.0,2.8,0.0,3.07,0.0,2.73,0.0,2.8,0.0,0.0,2.73,0.0,3.67,2.67,0.0
0.0,2.67,0.0,2.87,0.0,2.93,0.0,2.8,0.0,2.73,2.8,0.0,2.53,0.0,0.0,2.47
2.87,0.0,3.07,0.0,2.93,0.0,2.73,0.0,2.93,0.0,0.0,2.8,0.0,3.67,2.8,0.0
0.0,3.6,0.0,2.93,0.0,3.67,0.0,3.27,0.0,2.8,3.2,0.0,3.13,0.0,0.0,2.87
2.93,0.0,3.07,0.0,3.07,0.0,2.93,0.0,3.07,0.0,0.0,3.2,0.0,3.27,2.93,0.0
0.0,2.87,0.0,2.93,0.0,3.0,0.0,2.73,0.0,2.93,3.07,0.0,2.8,0.0,0.0,2.8
3.73,0.0,3.4,0.0,3.4,0.0,3.67,0.0,3.4,0.0,0.0,3.8,0.0,2.6,3.53,0.0
3.27,0.0,3.27,0.0,3.13,0.0,3.27,0.0,3.2,0.0,0.0,3.67,0.0,2.47,3.4,0.0
0.0,3.13,0.0,3.2,0.0,3.47,0.0,3.4,0.0,3.2,2.87,0.0,3.07,0.0,0.0,2.8
0.0,3.67,0.0,3.6,0.0,3.6,0.0,3.6,0.0,3.53,3.53,0.0,3.8,0.0,0.0,3.8
2.53,0.0,3.2,0.0,3.07,0.0,2.8,0.0,3.13,0.0,0.0,3.07,0.0,3.8,2.8,0.0
0.0,3.13,0.0,3.27,0.0,3.13,0.0,3.13,0.0,3.13,3.33,0.0,3.33,0.0,0.0,3.2
0.0,2.8,0.0,2.8,0.0,2.8,0.0,2.8,0.0,2.53,2.67,0.0,2.47,0.0,0.0,2.33
0.0,3.73,0.0,2.73,0.0,2.53,0.0,2.67,0.0,2.73,2.6,0.0,2.2,0.0,0.0,2.67
2.07,0.0,2.13,0.0,2.13,0.0,2.07,0.0,2.2,0.0,0.0,2.0,0.0,2.53,2.27,0.0
2.47,0.0,2.33,0.0,2.4,0.0,2.33,0.0,2.4,0.0,0.0,2.33,0.0,2.33,2.4,0.0
0.0,3.47,0.0,3.4,0.0,3.4,0.0,3.47,0.0,3.47,3.53,0.0,3.6,0.0,0.0,3.6
0.0,3.07,0.0,2.87,0.0,3.0,0.0,2.93,0.0,2.87,2.87,0.0,2.87,0.0,0.0,3.07
0.0,3.6,0.0,3.13,0.0,3.2,0.0,3.13,0.0,3.2,3.13,0.0,3.13,0.0,0.0,3.33
0.0,3.13,0.0,2.8,0.0,2.8,0.0,2.73,0.0,2.8,2.73,0.0,2.73,0.0,0.0,2.73
0.0,2.87,0.0,2.4,0.0,2.47,0.0,2.4,0.0,2.33,2.53,0.0,2.33,0.0,0.0,2.33
0.0,3.2,0.0,2.33,0.0,2.4,0.0,2.27,0.0,2.33,2.27,0.0,2.2,0.0,0.0,2.27
0.0,3.2,0.0,3.07,0.0,3.13,0.0,2.93,0.0,3.0,3.0,0.0,3.0,0.0,0.0,3.07
3.67,0.0,3.13,0.0,3.2,0.0,3.13,0.0,3.07,0.0,0.0,3.13,0.0,3.13,3.07,0.0
0.0,3.07,0.0,2.6,0.0,2.67,0.0,2.6,0.0,2.6,2.6,0.0,2.53,0.0,0.0,2.6
0.0,2.67,0.0,2.67,0.0,2.67,0.0,2.67,0.0,2.67,2.93,0.0,2.93,0.0,0.0,2.93
0.0,2.87,0.0,2.93,0.0,2.93,0.0,2.93,0.0,2.93,3.13,0.0,3.13,0.0,0.0,3.13
0.0,3.4,0.0,3.33,0.0,3.33,0.0,3.27,0.0,3.27,3.2,0.0,3.27,0.0,0.0,3.27
2.53,0.0,2.53,0.0,2.53,0.0,2.53,0.0,2.53,0.0,0.0,2.53,0.0,2.8,2.53,0.0
0.0,2.2,0.0,2.07,0.0,2.07,0.0,1.87,0.0,2.0,2.0,0.0,1.87,0.0,0.0,2.07
0.0,2.2,0.0,1.8,0.0,1.93,0.0,1.73,0.0,1.93,1.73,0.0,1.73,0.0,0.0,2.0
2.6,0.0,2.0,0.0,2.27,0.0,2.0,0.0,2.0,0.0,0.0,1.8,0.0,2.47,1.8,0.0
2.73,0.0,2.73,0.0,2.87,0.0,2.73,0.0,2.8,0.0,0.0,2.87,0.0,2.93,3.13,0.0
2.93,0.0,2.87,0.0,2.87,0.0,2.87,0.0,2.87,0.0,0.0,2.93,0.0,3.0,2.93,0.0
0.0,2.93,0.0,2.53,0.0,2.53,0.0,2.53,0.0,2.53,2.47,0.0,2.4,0.0,0.0,2.67
3.27,0.0,3.2,0.0,3.27,0.0,3.2,0.0,3.27,0.0,0.0,3.2,0.0,2.67,3.27,0.0
0.0,3.0,0.0,2.33,0.0,2.53,0.0,2.2,0.0,2.27,2.13,0.0,2.13,0.0,0.0,2.4
3.33,0.0,2.87,0.0,3.13,0.0,3.0,0.0,2.8,0.0,0.0,2.67,0.0,2.67,2.73,0.0
2.67,0.0,2.8,0.0,2.8,0.0,2.73,0.0,2.8,0.0,0.0,2.93,0.0,2.67,2.93,0.0
0.0,3.47,0.0,2.87,0.0,2.93,0.0,2.87,0.0,2.93,2.87,0.0,2.87,0.0,0.0,3.13
3.4,0.0,3.4,0.0,3.4,0.0,3.4,0.0,3.4,0.0,0.0,3.4,0.0,3.0,3.4,0.0
0.0,3.73,0.0,3.33,0.0,3.33,0.0,3.53,0.0,3.2,3.33,0.0,3.53,0.0,0.0,3.53
0.0,4.4,0.0,3.0,0.0,3.53,0.0,3.4,0.0,3.0,2.87,0.0,2.8,0.0,0.0,2.87
0.0,3.4,0.0,3.0,0.0,3.33,0.0,3.27,0.0,2.93,2.93,0.0,2.93,0.0,0.0,3.13
3.33,0.0,3.2,0.0,3.27,0.0,3.07,0.0,3.07,0.0,0.0,3.0,0.0,2.87,3.07,0.0
2.27,0.0,2.2,0.0,2.27,0.0,2.2,0.0,2.27,0.0,0.0,2.6,0.0,2.47,3.07,0.0
3.07,0.0,3.07,0.0,3.07,0.0,3.07,0.0,3.0,0.0,0.0,3.07,0.0,3.07,3.0,0.0
3.27,0.0,2.67,0.0,2.73,0.0,2.67,0.0,2.67,0.0,0.0,2.93,0.0,2.73,3.13,0.0
2.33,0.0,2.4,0.0,2.4,0.0,2.33,0.0,2.33,0.0,0.0,2.27,0.0,2.67,2.27,0.0
0.0,2.4,0.0,1.8,0.0,2.13,0.0,2.33,0.0,1.73,1.67,0.0,1.6,0.0,0.0,1.6
2.4,0.0,2.47,0.0,2.47,0.0,2.47,0.0,2.47,0.0,0.0,2.33,0.0,2.47,2.33,0.0
2.67,0.0,2.73,0.0,2.73,0.0,2.73,0.0,2.73,0.0,0.0,2.67,0.0,2.73,2.87,0.0
2.33,0.0,2.27,0.0,2.33,0.0,2.13,0.0,2.33,0.0,0.0,2.07,0.0,2.33,2.33,0.0
0.0,2.8,0.0,2.47,0.0,2.47,0.0,2.33,0.0,2.47,2.33,0.0,2.27,0.0,0.0,2.53
1.0,0.0,1.0,0.0,1.0,0.0,1.0,0.0,1.0,0.0,0.0,1.0,0.0,1.0,1.0,0.0
2.87,0.0,2.87,0.0,2.87,0.0,2.87,0.0,2.87,0.0,0.0,3.13,0.0,2.87,3.13,0.0
0.0,3.67,0.0,2.67,0.0,2.8,0.0,2.73,0.0,2.73,2.67,0.0,2.67,0.0,0.0,2.93
2.4,0.0,2.33,0.0,2.33,0.0,2.07,0.0,2.4,0.0,0.0,2.33,0.0,2.4,2.6,0.0
0.0,2.2,0.0,1.8,0.0,1.87,0.0,1.8,0.0,1.8,1.87,0.0,1.6,0.0,0.0,1.8
1.93,0.0,2.0,0.0,2.0,0.0,1.87,0.0,2.07,0.0,0.0,1.87,0.0,2.07,2.13,0.0
2.0,0.0,2.0,0.0,2.13,0.0,1.93,0.0,2.0,0.0,0.0,2.07,0.0,2.07,2.07,0.0
0.0,2.53,0.0,2.13,0.0,2.2,0.0,2.0,0.0,2.2,2.2,0.0,2.0,0.0,0.0,2.27
0.0,3.67,0.0,2.67,0.0,2.73,0.0,2.67,0.0,2.73,2.67,0.0,2.67,0.0,0.0,2.93
2.73,0.0,2.53,0.0,2.6,0.0,2.6,0.0,2.6,0.0,0.0,2.53,0.0,2.53,2.6,0.0
2.67,0.0,2.67,0.0,2.67,0.0,2.67,0.0,2.67,0.0,0.0,2.73,0.0,2.67,2.73,0.0
0.0,3.07,0.0,2.33,0.0,2.6,0.0,2.47,0.0,2.33,2.27,0.0,2.2,0.0,0.0,2.4
0.0,3.2,0.0,3.0,0.0,3.07,0.0,3.0,0.0,3.07,3.13,0.0,3.13,0.0,0.0,3.4
0.0,2.33,0.0,2.13,0.0,2.33,0.0,2.07,0.0,2.2,2.27,0.0,2.27,0.0,0.0,2.53
2.87,0.0,2.67,0.0,2.67,0.0,2.53,0.0,2.93,0.0,0.0,2.73,0.0,2.73,2.8,0.0
2.8,0.0,2.73,0.0,2.73,0.0,2.67,0.0,2.53,0.0,0.0,2.53,0.0,2.73,2.8,0.0
2.8,0.0,2.47,0.0,2.6,0.0,2.67,0.0,2.47,0.0,0.0,2.53,0.0,2.53,2.8,0.0
0.0,2.07,0.0,2.0,0.0,2.13,0.0,2.0,0.0,2.07,2.2,0.0,2.2,0.0,0.0,2.27
2.6,0.0,2.47,0.0,2.6,0.0,2.53,0.0,2.53,0.0,0.0,2.53,0.0,2.53,2.73,0.0
3.0,0.0,2.93,0.0,3.0,0.0,2.93,0.0,3.0,0.0,0.0,2.93,0.0,2.93,3.4,0.0
0.0,2.67,0.0,2.8,0.0,2.87,0.0,2.6,0.0,2.53,2.33,0.0,2.33,0.0,0.0,2.4
3.0,0.0,3.0,0.0,3.07,0.0,3.0,0.0,3.07,0.0,0.0,2.93,0.0,2.93,3.0,0.0
3.0,0.0,3.07,0.0,3.07,0.0,3.0,0.0,3.0,0.0,0.0,3.07,0.0,2.87,3.07,0.0
2.73,0.0,2.2,0.0,2.47,0.0,2.47,0.0,2.2,0.0,0.0,2.13,0.0,2.87,2.13,0.0
2.4,0.0,2.33,0.0,2.33,0.0,2.27,0.0,2.33,0.0,0.0,2.47,0.0,2.33,2.47,0.0
0.0,2.47,0.0,2.53,0.0,2.6,0.0,2.53,0.0,2.47,2.2,0.0,2.13,0.0,0.0,2.4
2.07,0.0,1.8,0.0,1.87,0.0,1.73,0.0,1.87,0.0,0.0,1.73,0.0,2.33,1.8,0.0
3.2,0.0,2.87,0.0,2.93,0.0,2.47,0.0,2.6,0.0,0.0,2.33,0.0,2.73,2.33,0.0
0.0,2.4,0.0,2.2,0.0,2.47,0.0,2.07,0.0,2.2,2.27,0.0,2.27,0.0,0.0,2.33
0.0,3.0,0.0,2.93,0.0,2.87,0.0,2.93,0.0,2.87,2.87,0.0,2.87,0.0,0.0,3.07
1.87,0.0,2.07,0.0,2.2,0.0,2.07,0.0,2.0,0.0,0.0,1.87,0.0,2.73,1.87,0.0
0.0,2.6,0.0,2.53,0.0,2.6,0.0,2.53,0.0,2.53,2.53,0.0,2.27,0.0,0.0,2.33
0.0,1.93,0.0,2.0,0.0,1.93,0.0,1.93,0.0,1.93,2.07,0.0,1.8,0.0,0.0,1.8
2.4,0.0,2.27,0.0,2.27,0.0,2.27,0.0,2.33,0.0,0.0,2.4,0.0,2.27,2.4,0.0
2.73,0.0,2.67,0.0,2.8,0.0,2.67,0.0,2.67,0.0,0.0,2.8,0.0,2.73,2.87,0.0
0.0,2.4,0.0,2.33,0.0,2.4,0.0,2.33,0.0,2.4,2.13,0.0,2.0,0.0,0.0,2.47
0.0,2.8,0.0,2.8,0.0,2.8,0.0,2.8,0.0,2.8,2.8,0.0,2.8,0.0,0.0,2.8
0.0,2.8,0.0,2.73,0.0,2.67,0.0,2.47,0.0,2.6,2.33,0.0,2.33,0.0,0.0,2.33
4.2,0.0,3.33,0.0,3.4,0.0,3.27,0.0,3.33,0.0,0.0,3.27,0.0,3.27,3.53,0.0
4.4,0.0,3.53,0.0,3.8,0.0,3.73,0.0,3.6,0.0,0.0,3.53,0.0,3.53,3.53,0.0
0.0,2.47,0.0,2.53,0.0,2.53,0.0,2.53,0.0,2.47,2.73,0.0,2.4,0.0,0.0,2.4
0.0,3.0,0.0,2.13,0.0,2.33,0.0,2.2,0.0,2.13,1.93,0.0,1.93,0.0,0.0,1.93
3.4,0.0,3.4,0.0,3.4,0.0,3.33,0.0,3.4,0.0,0.0,3.4,0.0,3.07,3.4,0.0
1.93,0.0,2.0,0.0,1.93,0.0,2.07,0.0,2.0,0.0,0.0,1.93,0.0,2.07,1.93,0.0
2.27,0.0,2.4,0.0,2.33,0.0,2.33,0.0,2.33,0.0,0.0,2.33,0.0,2.33,2.27,0.0
3.33,0.0,3.33,0.0,3.33,0.0,3.33,0.0,3.33,0.0,0.0,3.33,0.0,3.0,3.33,0.0
0.0,2.93,0.0,2.8,0.0,2.8,0.0,2.8,0.0,2.8,2.8,0.0,2.8,0.0,0.0,3.0
2.47,0.0,2.47,0.0,2.53,0.0,2.47,0.0,2.53,0.0,0.0,2.67,0.0,2.73,2.93,0.0
0.0,3.0,0.0,2.2,0.0,2.53,0.0,2.2,0.0,2.2,2.13,0.0,1.93,0.0,0.0,2.2
2.8,0.0,2.53,0.0,2.67,0.0,2.53,0.0,2.73,0.0,0.0,2.87,0.0,2.6,3.0,0.0
2.73,0.0,2.8,0.0,2.87,0.0,2.73,0.0,2.87,0.0,0.0,2.67,0.0,2.87,2.73,0.0
2.73,0.0,2.8,0.0,2.8,0.0,2.8,0.0,2.73,0.0,0.0,2.73,0.0,2.73,2.73,0.0
0.0,2.93,0.0,2.53,0.0,2.6,0.0,2.4,0.0,2.33,2.07,0.0,2.13,0.0,0.0,2.4
3.07,0.0,3.0,0.0,3.07,0.0,3.0,0.0,3.07,0.0,0.0,3.0,0.0,3.0,3.0,0.0
